mmsi,message_type,dt_insert_utc,longitude,latitude,imo,vessel_name,callsign,vessel_type,vessel_type_code,vessel_type_cargo,vessel_class,length,width,flag_country,flag_code,destination,eta,draught,sog,cog,rot,heading,nav_status,nav_status_code,source,dt_pos_utc,dt_static_utc,vessel_type_main,vessel_type_sub,eeid,source_filename,H3index_0,H3_int_index_0,H3_int_index_1,H3_int_index_2,H3_int_index_3,H3_int_index_4,H3_int_index_5,H3_int_index_6,H3_int_index_7,H3_int_index_8,H3_int_index_9,H3_int_index_10,H3_int_index_11,H3_int_index_12,H3_int_index_13,H3_int_index_14,H3_int_index_15
259050000,1,2023-02-01 05:24:28,30.757545,76.074835,9312107,KV HARSTAD,JWBR,Law Enforcement,55,,A,83.0,17.0,Norway,259,COASTGUARD PATROL,2460,6.0,9.4,90.8,0.0,88.0,Under Way Using Engine,0,S-AIS,2023-02-01 05:23:45,2023-01-31 02:24:04,Service Ship,Patrol Vessel,4761645918517774864,s3a://ungp-ais-data-historical-backup/exact-earth-data/prod/year=2023/month=02/day=01/20230201052612.csv.gz,8001fffffffffff,576495936675512319,580968749977305087,585470700337233919,589974093806174207,594477650483871743,598981249037500415,603484848127999999,607988447705038847,612492047321923583,616995646949031935,621499246576271359,626002846203637759,630506445831004671,635010045458374847,639513645085745311,644017244713115802
259050000,1,2023-02-01 05:01:53,30.52968833,76.07697833,9312107,KV HARSTAD,JWBR,Law Enforcement,55,,A,83.0,17.0,Norway,259,COASTGUARD PATROL,2460,6.0,9.1,94.3,0.0,89.0,Under Way Using Engine,0,S-AIS,2023-02-01 05:01:38,2023-01-31 02:24:04,Service Ship,Patrol Vessel,4761645918517774864,s3a://ungp-ais-data-historical-backup/exact-earth-data/prod/year=2023/month=02/day=01/20230201050213.csv.gz,8001fffffffffff,576495936675512319,580968749977305087,585470700337233919,589974093806174207,594477650483871743,598981249037500415,603484847725346815,607988447252054015,612492046866841599,616995646493949951,621499246121123839,626002845748486143,630506445375853055,635010045003223359,639513644630593807,644017244257964301
259050000,1,2023-02-01 05:15:28,30.66067167,76.07571667,9312107,KV HARSTAD,JWBR,Law Enforcement,55,,A,83.0,17.0,Norway,259,COASTGUARD PATROL,2460,6.0,8.7,92.2,0.0,88.0,Under Way Using Engine,0,S-AIS,2023-02-01 05:14:13,2023-01-31 02:24:04,Service Ship,Patrol Vessel,4761645918517774864,s3a://ungp-ais-data-historical-backup/exact-earth-data/prod/year=2023/month=02/day=01/20230201051613.csv.gz,8001fffffffffff,576495936675512319,580968749977305087,585470700337233919,589974093806174207,594477650483871743,598981249037500415,603484847725346815,607988447285608447,612492046902493183,616995646528815103,621499246155956223,626002845783318527,630506445410688511,635010045038058687,639513644665429151,644017244292799644
259050000,27,2023-02-01 05:30:08,30.81,76.075,9312107,KV HARSTAD,JWBR,Law Enforcement,55,,A,83.0,17.0,Norway,259,COASTGUARD PATROL,2460,6.0,9.0,92.0,0.0,0.0,Under Way Using Engine,0,S-AIS,2023-02-01 05:28:56,2023-01-31 02:24:04,Service Ship,Patrol Vessel,4761645918517774864,s3a://ungp-ais-data-historical-backup/exact-earth-data/prod/year=2023/month=02/day=01/20230201053013.csv.gz,8001fffffffffff,576495936675512319,580968749977305087,585470700337233919,589974093806174207,594477650483871743,598981249037500415,603484848127999999,607988447738593279,612492047363866623,616995646989402111,621499246616575999,626002846243917823,630506445871285759,635010045498655999,639513645126026455,644017244753396947
259050000,27,2023-02-01 04:54:02,30.445,76.07833333,9312107,KV HARSTAD,JWBR,Law Enforcement,55,,A,83.0,17.0,Norway,259,COASTGUARD PATROL,2460,6.0,8.0,94.0,0.0,0.0,Under Way Using Engine,0,S-AIS,2023-02-01 04:52:56,2023-01-31 02:24:04,Service Ship,Patrol Vessel,4761645918517774864,s3a://ungp-ais-data-historical-backup/exact-earth-data/prod/year=2023/month=02/day=01/20230201045413.csv.gz,8001fffffffffff,576495936675512319,580968749977305087,585470700337233919,589974093806174207,594477650483871743,598981249037500415,603484848396435455,607988447939919871,612492047554707455,616995647181029375,621499246808268799,626002846435610623,630506446062980607,635010045690350975,639513645317721423,644017244945091684
259050000,27,2023-02-01 05:24:03,30.74833333,76.075,9312107,KV HARSTAD,JWBR,Law Enforcement,55,,A,83.0,17.0,Norway,259,COASTGUARD PATROL,2460,6.0,9.0,93.0,0.0,0.0,Under Way Using Engine,0,S-AIS,2023-02-01 05:22:57,2023-01-31 02:24:04,Service Ship,Patrol Vessel,4761645918517774864,s3a://ungp-ais-data-historical-backup/exact-earth-data/prod/year=2023/month=02/day=01/20230201052413.csv.gz,8001fffffffffff,576495936675512319,580968749977305087,585470700337233919,589974093806174207,594477650483871743,598981249037500415,603484848127999999,607988447705038847,612492047321923583,616995646949031935,621499246576336895,626002846203691007,630506445831058431,635010045458428799,639513645085799279,644017244713169770
258962000,1,2023-02-01 04:39:04,34.60237167,76.532955,9202675,POLAR PIONEER,LEHG,Fishing,30,,A,50.0,11.0,Norway,258,BARENTSHAVET,1160700,4.8,1.2,248.1,0.0,115.0,Under Way Using Engine,0,S-AIS,2023-02-01 04:38:00,2023-02-01 01:21:47,Fishing Vessel,,4797386643490173520,s3a://ungp-ais-data-historical-backup/exact-earth-data/prod/year=2023/month=02/day=01/20230201044013.csv.gz,8001fffffffffff,576495936675512319,580968749977305087,585470700337233919,589974231245127679,594477796512759807,598982441964666879,603484994022670335,607989640783200255,612493240406376447,616996840033222655,621500439660429311,626004039287787519,630507638915157503,635011238542527551,639514838169898015,644018437797268506
258962000,1,2023-02-01 04:54:44,34.62115833,76.55046333,9202675,POLAR PIONEER,LEHG,Fishing,30,,A,50.0,11.0,Norway,258,BARENTSHAVET,1160700,4.8,3.0,359.0,0.0,48.0,Under Way Using Engine,0,S-AIS,2023-02-01 04:53:32,2023-02-01 01:21:47,Fishing Vessel,,4797386643490173520,s3a://ungp-ais-data-historical-backup/exact-earth-data/prod/year=2023/month=02/day=01/20230201045613.csv.gz,8001fffffffffff,576495936675512319,580968749977305087,585470700337233919,589974231245127679,594477796512759807,598982441964666879,603484994022670335,607988593566154751,612492193183039487,616995792809361407,621499392436666367,626002992064016383,630506591691383295,635010191318753343,639513790946123799,644017390573494288
258962000,27,2023-02-01 04:46:45,34.61,76.53666667,9202675,POLAR PIONEER,LEHG,Fishing,30,,A,50.0,11.0,Norway,258,BARENTSHAVET,1160700,4.8,7.0,13.0,0.0,0.0,Under Way Using Engine,0,S-AIS,2023-02-01 04:46:29,2023-02-01 01:21:47,Fishing Vessel,,4797386643490173520,s3a://ungp-ais-data-historical-backup/exact-earth-data/prod/year=2023/month=02/day=01/20230201044813.csv.gz,8001fffffffffff,576495936675512319,580968749977305087,585470700337233919,589974231245127679,594477796512759807,598982441964666879,603484994022670335,607989640783200255,612493240406376447,616996840032698367,621500439660003327,626004039287361535,630507638914729471,635011238542099583,639514838169470063,644018437796840558
257388000,1,2023-02-01 03:33:43,31.848,76.02516667,8906949,HUNTER,LKUA,Fishing,30,,A,40.0,11.0,Norway,257,FISHING GROUND,2011000,6.3,2.1,54.3,0.0,70.0,Engaged In Fishing,7,S-AIS,2023-02-01 03:32:36,2023-01-31 21:13:25,Fishing Vessel,,4750658498819747296,s3a://ungp-ais-data-historical-backup/exact-earth-data/prod/year=2023/month=02/day=01/20230201033413.csv.gz,8001fffffffffff,576495936675512319,580968749977305087,585470700337233919,589974231245127679,594477805102694399,598981397213872127,603485000599339007,607988596284063743,612492195905142783,616995795530940415,621499395158212607,626002994785566719,630506594412933631,635010194040303807,639513793667674295,644017393295044790
257388000,1,2023-02-01 05:02:24,31.96933333,76.03416667,8906949,HUNTER,LKUA,Fishing,30,,A,40.0,11.0,Norway,257,FISHING GROUND,2011000,6.3,1.5,68.6,0.0,63.0,Engaged In Fishing,7,S-AIS,2023-02-01 05:02:08,2023-01-31 21:13:25,Fishing Vessel,,4750658498819747296,s3a://ungp-ais-data-historical-backup/exact-earth-data/prod/year=2023/month=02/day=01/20230201050413.csv.gz,8001fffffffffff,576495936675512319,580968749977305087,585470700337233919,589974231245127679,594477805102694399,598981397213872127,603484996707024895,607988596317618175,612492195930308607,616995795556630527,621499395183968255,626002994811314175,630506594438682111,635010194066052415,639513793693422855,644017393320793346
257388000,1,2023-02-01 05:15:28,31.99083333,76.038,8906949,HUNTER,LKUA,Fishing,30,,A,40.0,11.0,Norway,257,FISHING GROUND,2011000,6.3,1.9,40.8,0.0,59.0,Engaged In Fishing,7,S-AIS,2023-02-01 05:14:48,2023-01-31 21:13:25,Fishing Vessel,,4750658498819747296,s3a://ungp-ais-data-historical-backup/exact-earth-data/prod/year=2023/month=02/day=01/20230201051613.csv.gz,8001fffffffffff,576495936675512319,580968749977305087,585470700337233919,589974231245127679,594477805102694399,598981397213872127,603484996707024895,607988596317618175,612492195936600063,616995795562659839,621499395189342207,626002994816692223,630506594444060159,635010194071429311,639513793698799767,644017393326170262
257388000,1,2023-02-01 02:58:56,31.9865,76.0385,8906949,HUNTER,LKUA,Fishing,30,,A,40.0,11.0,Norway,257,FISHING GROUND,2011000,6.3,4.8,248.8,0.0,247.0,Engaged In Fishing,7,S-AIS,2023-02-01 02:57:47,2023-01-31 21:13:25,Fishing Vessel,,4750658498819747296,s3a://ungp-ais-data-historical-backup/exact-earth-data/prod/year=2023/month=02/day=01/20230201030013.csv.gz,8001fffffffffff,576495936675512319,580968749977305087,585470700337233919,589974231245127679,594477805102694399,598981397213872127,603484996707024895,607988596317618175,612492195936600063,616995795562135551,621499395189374975,626002994816733183,630506594444103167,635010194071473407,639513793698843879,644017393326214369
257388000,1,2023-02-01 04:53:44,31.95083333,76.03233333,8906949,HUNTER,LKUA,Fishing,30,,A,40.0,11.0,Norway,257,FISHING GROUND,2011000,6.3,1.1,14.7,0.0,52.0,Engaged In Fishing,7,S-AIS,2023-02-01 04:52:36,2023-01-31 21:13:25,Fishing Vessel,,4750658498819747296,s3a://ungp-ais-data-historical-backup/exact-earth-data/prod/year=2023/month=02/day=01/20230201045413.csv.gz,8001fffffffffff,576495936675512319,580968749977305087,585470700337233919,589974231245127679,594477805102694399,598981397213872127,603484996707024895,607988596317618175,612492195930308607,616995795557154815,621499395184328703,626002994811641855,630506594439064063,635010194066434367,639513793693804855,644017393321175345
257388000,1,2023-02-01 05:23:54,32.004,76.04016667,8906949,HUNTER,LKUA,Fishing,30,,A,40.0,11.0,Norway,257,FISHING GROUND,2011000,6.3,2.1,51.3,0.0,64.0,Engaged In Fishing,7,S-AIS,2023-02-01 05:22:47,2023-01-31 21:13:25,Fishing Vessel,,4750658498819747296,s3a://ungp-ais-data-historical-backup/exact-earth-data/prod/year=2023/month=02/day=01/20230201052413.csv.gz,8001fffffffffff,576495936675512319,580968749977305087,585470700337233919,589974231245127679,594477805102694399,598981397213872127,603484996707024895,607988596250509311,612492195875782655,616995795502366719,621499395129704447,626002994757054463,630506594384424447,635010194011794495,639513793639164951,644017393266535445
257388000,1,2023-02-01 03:11:19,31.91366667,76.0315,8906949,HUNTER,LKUA,Fishing,30,,A,40.0,11.0,Norway,257,FISHING GROUND,2011000,6.3,5.3,250.9,0.0,244.0,Engaged In Fishing,7,S-AIS,2023-02-01 03:10:59,2023-01-31 21:13:25,Fishing Vessel,,4750658498819747296,s3a://ungp-ais-data-historical-backup/exact-earth-data/prod/year=2023/month=02/day=01/20230201031213.csv.gz,8001fffffffffff,576495936675512319,580968749977305087,585470700337233919,589974231245127679,594477805102694399,598981397213872127,603484996707024895,607988596284063743,612492195900948479,616995795527270399,621499395154444287,626002994781786111,630506594409154047,635010194036524351,639513793663894831,644017393291265326
257388000,1,2023-02-01 03:48:27,31.87316667,76.02616667,8906949,HUNTER,LKUA,Fishing,30,,A,40.0,11.0,Norway,257,FISHING GROUND,2011000,6.3,1.2,91.8,0.0,72.0,Engaged In Fishing,7,S-AIS,2023-02-01 03:47:38,2023-01-31 21:13:25,Fishing Vessel,,4750658498819747296,s3a://ungp-ais-data-historical-backup/exact-earth-data/prod/year=2023/month=02/day=01/20230201035013.csv.gz,8001fffffffffff,576495936675512319,580968749977305087,585470700337233919,589974231245127679,594477805102694399,598981397213872127,603484996707024895,607988596284063743,612492195896754175,616995795523338239,621499395150479359,626002994777837567,630506594405207039,635010194032577151,639513793659947623,644017393287318114
257388000,1,2023-02-01 03:20:03,31.87066667,76.02666667,8906949,HUNTER,LKUA,Fishing,30,,A,40.0,11.0,Norway,257,FISHING GROUND,2011000,6.3,5.5,257.3,0.0,244.0,Engaged In Fishing,7,S-AIS,2023-02-01 03:18:57,2023-01-31 21:13:25,Fishing Vessel,,4750658498819747296,s3a://ungp-ais-data-historical-backup/exact-earth-data/prod/year=2023/month=02/day=01/20230201032013.csv.gz,8001fffffffffff,576495936675512319,580968749977305087,585470700337233919,589974231245127679,594477805102694399,598981397213872127,603484996707024895,607988596284063743,612492195896754175,616995795523338239,621499395150643199,626002994777985023,630506594405352959,635010194032723135,639513793660093607,644017393287464096
257388000,1,2023-02-01 03:20:50,31.86966667,76.0265,8906949,HUNTER,LKUA,Fishing,30,,A,40.0,11.0,Norway,257,FISHING GROUND,2011000,6.3,5.2,235.2,0.0,246.0,Engaged In Fishing,7,S-AIS,2023-02-01 03:19:07,2023-01-31 21:13:25,Fishing Vessel,,4750658498819747296,s3a://ungp-ais-data-historical-backup/exact-earth-data/prod/year=2023/month=02/day=01/20230201032213.csv.gz,8001fffffffffff,576495936675512319,580968749977305087,585470700337233919,589974231245127679,594477805102694399,598981397213872127,603484996707024895,607988596284063743,612492195896754175,616995795523338239,621499395150643199,626002994777985023,630506594405369855,635010194032740095,639513793660110575,644017393287481067
257388000,1,2023-02-01 03:57:34,31.88816667,76.02633333,8906949,HUNTER,LKUA,Fishing,30,,A,40.0,11.0,Norway,257,FISHING GROUND,2011000,6.3,1.1,14.1,0.0,66.0,Engaged In Fishing,7,S-AIS,2023-02-01 03:57:15,2023-01-31 21:13:25,Fishing Vessel,,4750658498819747296,s3a://ungp-ais-data-historical-backup/exact-earth-data/prod/year=2023/month=02/day=01/20230201035812.csv.gz,8001fffffffffff,576495936675512319,580968749977305087,585470700337233919,589974231245127679,594477805102694399,598981397213872127,603484996707024895,607988596284063743,612492195896754175,616995795523862527,621499395151200255,626002994778546175,630506594405914623,635010194033284799,639513793660655279,644017393288025770
257388000,1,2023-02-01 05:24:28,32.00566667,76.0405,8906949,HUNTER,LKUA,Fishing,30,,A,40.0,11.0,Norway,257,FISHING GROUND,2011000,6.3,2.4,42.6,0.0,64.0,Engaged In Fishing,7,S-AIS,2023-02-01 05:23:39,2023-01-31 21:13:25,Fishing Vessel,,4750658498819747296,s3a://ungp-ais-data-historical-backup/exact-earth-data/prod/year=2023/month=02/day=01/20230201052612.csv.gz,8001fffffffffff,576495936675512319,580968749977305087,585470700337233919,589974231245127679,594477805102694399,598981397213872127,603484996707024895,607988596250509311,612492195875782655,616995795502366719,621499400948350975,626003000575696895,630506600203065343,635010199830435711,639513799457806167,644017399085176659
257388000,1,2023-02-01 03:59:34,31.89066667,76.02633333,8906949,HUNTER,LKUA,Fishing,30,,A,40.0,11.0,Norway,257,FISHING GROUND,2011000,6.3,1.7,67.7,0.0,66.0,Engaged In Fishing,7,S-AIS,2023-02-01 03:59:17,2023-01-31 21:13:25,Fishing Vessel,,4750658498819747296,s3a://ungp-ais-data-historical-backup/exact-earth-data/prod/year=2023/month=02/day=01/20230201040010.csv.gz,8001fffffffffff,576495936675512319,580968749977305087,585470700337233919,589974231245127679,594477805102694399,598981397213872127,603484996707024895,607988596284063743,612492195896754175,616995795523862527,621499395151069183,626002994778427391,630506594405796863,635010194033167039,639513793660537527,644017393287908021
257388000,3,2023-02-01 03:34:29,31.85016667,76.02533333,8906949,HUNTER,LKUA,Fishing,30,,A,40.0,11.0,Norway,257,FISHING GROUND,2011000,6.3,1.7,87.6,0.0,64.0,Engaged In Fishing,7,S-AIS,2023-02-01 03:34:09,2023-01-31 21:13:25,Fishing Vessel,,4750658498819747296,s3a://ungp-ais-data-historical-backup/exact-earth-data/prod/year=2023/month=02/day=01/20230201033612.csv.gz,8001fffffffffff,576495936675512319,580968749977305087,585470700337233919,589974231245127679,594477805102694399,598981397213872127,603484996707024895,607988596284063743,612492195905142783,616995795530940415,621499395158081535,626002994785439743,630506594412808191,635010194040187775,639513793667558255,644017393294928744
257388000,3,2023-02-01 05:01:53,31.96866667,76.034,8906949,HUNTER,LKUA,Fishing,30,,A,40.0,11.0,Norway,257,FISHING GROUND,2011000,6.3,1.6,81.3,0.0,57.0,Engaged In Fishing,7,S-AIS,2023-02-01 05:01:38,2023-01-31 21:13:25,Fishing Vessel,,4750658498819747296,s3a://ungp-ais-data-historical-backup/exact-earth-data/prod/year=2023/month=02/day=01/20230201050213.csv.gz,8001fffffffffff,576495936675512319,580968749977305087,585470700337233919,589974231245127679,594477805102694399,598981397213872127,603484996707024895,607988596317618175,612492195930308607,616995795556630527,621499395183968255,626002994811330559,630506594438699007,635010194066069055,639513793693439519,644017393320810010
257388000,1,2023-02-01 02:08:30,32.26166667,76.0645,8906949,HUNTER,LKUA,Fishing,30,,A,40.0,11.0,Norway,257,FISHING GROUND,2011000,6.3,4.9,247.7,0.0,244.0,Engaged In Fishing,7,S-AIS,2023-02-01 02:08:09,2023-01-31 21:13:25,Fishing Vessel,,4750658498819747296,s3a://ungp-ais-data-historical-backup/exact-earth-data/prod/year=2023/month=02/day=01/20230201021009.csv.gz,8001fffffffffff,576495936675512319,580968749977305087,585470700337233919,589974231245127679,594477805102694399,598981399361355775,603484998586073087,607988598163111935,612492197782093823,616995797408677887,621499397035851775,626002996663214079,630506596290582527,635010195917952895,639513795545323335,644017395172693827
259050000,1,2023-02-01 06:01:46,31.14172,76.06745333,9312107,KV HARSTAD,JWBR,Law Enforcement,55,,A,83.0,17.0,Norway,259,COASTGUARD PATROL,2460,6.0,9.1,93.5,0.0,90.0,Under Way Using Engine,0,S-AIS,2023-02-01 06:01:14,2023-01-31 02:24:04,Service Ship,Patrol Vessel,4761645918517774864,s3a://ungp-ais-data-historical-backup/exact-earth-data/prod/year=2023/month=02/day=01/20230201060213.csv.gz,8001fffffffffff,576495936675512319,580968749977305087,585470700337233919,589974231245127679,594477805102694399,598981402582581247,603485001270427647,607988600864243711,612492200489517055,616995800115576831,621499399742849023,626002999370199039,630506598997568511,635010198624938111,639513798252308559,644017397879679051
259050000,1,2023-02-01 05:56:56,31.09472,76.06846,9312107,KV HARSTAD,JWBR,Law Enforcement,55,,A,83.0,17.0,Norway,259,COASTGUARD PATROL,2460,6.0,8.9,94.6,0.0,92.0,Under Way Using Engine,0,S-AIS,2023-02-01 05:56:37,2023-01-31 02:24:04,Service Ship,Patrol Vessel,4761645918517774864,s3a://ungp-ais-data-historical-backup/exact-earth-data/prod/year=2023/month=02/day=01/20230201055813.csv.gz,8001fffffffffff,576495936675512319,580968749977305087,585470700337233919,589974231245127679,594477805102694399,598981402582581247,603485001270427647,607988600864243711,612492200485322751,616995800110858239,621499399738130431,626002999365472255,630506598992839679,635010198620210111,639513798247580559,644017397874951048
259050000,27,2023-02-01 05:51:13,31.02833333,76.07,9312107,KV HARSTAD,JWBR,Law Enforcement,55,,A,83.0,17.0,Norway,259,COASTGUARD PATROL,2460,6.0,9.0,99.0,0.0,0.0,Under Way Using Engine,0,S-AIS,2023-02-01 05:49:55,2023-01-31 02:24:04,Service Ship,Patrol Vessel,4761645918517774864,s3a://ungp-ais-data-historical-backup/exact-earth-data/prod/year=2023/month=02/day=01/20230201055213.csv.gz,8001fffffffffff,576495936675512319,580968749977305087,585470700337233919,589974231245127679,594477805102694399,598981402582581247,603485001941516287,607988601552109567,612492201164799999,616995800791384063,621499400418623487,626003000045985791,630506599673352703,635010199300722943,639513798928093391,644017398555463915
259050000,27,2023-02-01 05:48:05,30.99833333,76.07166667,9312107,KV HARSTAD,JWBR,Law Enforcement,55,,A,83.0,17.0,Norway,259,COASTGUARD PATROL,2460,6.0,8.0,97.0,0.0,0.0,Under Way Using Engine,0,S-AIS,2023-02-01 05:46:56,2023-01-31 02:24:04,Service Ship,Patrol Vessel,4761645918517774864,s3a://ungp-ais-data-historical-backup/exact-earth-data/prod/year=2023/month=02/day=01/20230201054812.csv.gz,8001fffffffffff,576495936675512319,580968749977305087,585470700337233919,589974231245127679,594477805102694399,598981402582581247,603485001941516287,607988601552109567,612492201175285759,616995800800821247,621499400429109247,626003000055517183,630506599682886143,635010199310256511,639513798937626999,644017398564997446
257388000,1,2023-02-01 02:26:53,32.16183333,76.05533333,8906949,HUNTER,LKUA,Fishing,30,,A,40.0,11.0,Norway,257,FISHING GROUND,2011000,6.3,5.1,240.6,0.0,246.0,Engaged In Fishing,7,S-AIS,2023-02-01 02:25:46,2023-01-31 21:13:25,Fishing Vessel,,4750658498819747296,s3a://ungp-ais-data-historical-backup/exact-earth-data/prod/year=2023/month=02/day=01/20230201022813.csv.gz,8001fffffffffff,576495936675512319,580968749977305087,585470700337233919,589974231245127679,594477805102694399,598981403656323071,603485002478387199,607988602038648831,612492201651339263,616995801277923327,621499400905162751,626003000532504575,630506600159874559,635010199787244671,639513799414615151,644017399041985642
257388000,1,2023-02-01 02:35:24,32.11083333,76.0505,8906949,HUNTER,LKUA,Fishing,30,,A,40.0,11.0,Norway,257,FISHING GROUND,2011000,6.3,4.8,240.7,0.0,243.0,Engaged In Fishing,7,S-AIS,2023-02-01 02:35:05,2023-01-31 21:13:25,Fishing Vessel,,4750658498819747296,s3a://ungp-ais-data-historical-backup/exact-earth-data/prod/year=2023/month=02/day=01/20230201023613.csv.gz,8001fffffffffff,576495936675512319,580968749977305087,585470700337233919,589974231245127679,594477805102694399,598981403656323071,603485002478387199,607988602005094399,612492201621979135,616995801248563199,621499400875769855,626003000503123967,630506600130491391,635010199757861439,639513799385231911,644017399012602401
257388000,1,2023-02-01 05:57:04,32.07583333,76.04816667,8906949,HUNTER,LKUA,Fishing,30,,A,40.0,11.0,Norway,257,FISHING GROUND,2011000,6.3,1.5,74.6,0.0,70.0,Engaged In Fishing,7,S-AIS,2023-02-01 05:56:37,2023-01-31 21:13:25,Fishing Vessel,,4750658498819747296,s3a://ungp-ais-data-historical-backup/exact-earth-data/prod/year=2023/month=02/day=01/20230201055813.csv.gz,8001fffffffffff,576495936675512319,580968749977305087,585470700337233919,589974231245127679,594477805102694399,598981403656323071,603485002478387199,607988602005094399,612492201630367743,616995801257213951,621499400884387839,626003000511741951,630506600139109375,635010199766479679,639513799393850143,644017399021220633
257388000,1,2023-02-01 05:29:18,32.01566667,76.0415,8906949,HUNTER,LKUA,Fishing,30,,A,40.0,11.0,Norway,257,FISHING GROUND,2011000,6.3,1.3,51.9,0.0,63.0,Engaged In Fishing,7,S-AIS,2023-02-01 05:28:59,2023-01-31 21:13:25,Fishing Vessel,,4750658498819747296,s3a://ungp-ais-data-historical-backup/exact-earth-data/prod/year=2023/month=02/day=01/20230201053013.csv.gz,8001fffffffffff,576495936675512319,580968749977305087,585470700337233919,589974231245127679,594477805102694399,598981403656323071,603484996707024895,607988602072203263,612492195875782655,616995795502891007,621499395130097663,626002994757459967,630506594384827903,635010194012198015,639513793639568495,644017393266938987
257388000,1,2023-02-01 05:55:17,32.07266667,76.04783333,8906949,HUNTER,LKUA,Fishing,30,,A,40.0,11.0,Norway,257,FISHING GROUND,2011000,6.3,1.7,79.7,0.0,68.0,Engaged In Fishing,7,S-AIS,2023-02-01 05:55:01,2023-01-31 21:13:25,Fishing Vessel,,4750658498819747296,s3a://ungp-ais-data-historical-backup/exact-earth-data/prod/year=2023/month=02/day=01/20230201055613.csv.gz,8001fffffffffff,576495936675512319,580968749977305087,585470700337233919,589974231245127679,594477805102694399,598981403656323071,603485002478387199,607988602005094399,612492201626173439,616995801252233215,621499400879570943,626003000506920959,630506600134290943,635010199761661055,639513799389031503,644017399016401996
257388000,1,2023-02-01 02:17:44,32.21433333,76.06016667,8906949,HUNTER,LKUA,Fishing,30,,A,40.0,11.0,Norway,257,FISHING GROUND,2011000,6.3,5.4,247.1,0.0,248.0,Engaged In Fishing,7,S-AIS,2023-02-01 02:16:38,2023-01-31 21:13:25,Fishing Vessel,,4750658498819747296,s3a://ungp-ais-data-historical-backup/exact-earth-data/prod/year=2023/month=02/day=01/20230201021813.csv.gz,8001fffffffffff,576495936675512319,580968749977305087,585470700337233919,589974231245127679,594477805102694399,598981403656323071,603484998586073087,607988598163111935,612492197786288127,616995797412872191,621499397040111615,626002996667457535,630506596294825471,635010195922195711,639513795549566183,644017395176936676
257388000,1,2023-02-01 02:54:06,32.00816667,76.04066667,8906949,HUNTER,LKUA,Fishing,30,,A,40.0,11.0,Norway,257,FISHING GROUND,2011000,6.3,5.4,240.1,0.0,246.0,Engaged In Fishing,7,S-AIS,2023-02-01 02:53:49,2023-01-31 21:13:25,Fishing Vessel,,4750658498819747296,s3a://ungp-ais-data-historical-backup/exact-earth-data/prod/year=2023/month=02/day=01/20230201025413.csv.gz,8001fffffffffff,576495936675512319,580968749977305087,585470700337233919,589974231245127679,594477805102694399,598981403656323071,603484996707024895,607988602072203263,612492195875782655,616995795502891007,621499395130163199,626002994757525503,630506594384895487,635010194012265919,639513793639636383,644017393267006873
257388000,1,2023-02-01 05:47:54,32.055,76.04583333,8906949,HUNTER,LKUA,Fishing,30,,A,40.0,11.0,Norway,257,FISHING GROUND,2011000,6.3,2.2,74.9,0.0,67.0,Engaged In Fishing,7,S-AIS,2023-02-01 05:46:46,2023-01-31 21:13:25,Fishing Vessel,,4750658498819747296,s3a://ungp-ais-data-historical-backup/exact-earth-data/prod/year=2023/month=02/day=01/20230201054812.csv.gz,8001fffffffffff,576495936675512319,580968749977305087,585470700337233919,589974231245127679,594477805102694399,598981403656323071,603485002478387199,607988602005094399,612492201626173439,616995801252757503,621499400879898623,626003000507248639,630506600134615551,635010199761985727,639513799389356191,644017399016726686
257388000,1,2023-02-01 02:33:57,32.1225,76.05166667,8906949,HUNTER,LKUA,Fishing,30,,A,40.0,11.0,Norway,257,FISHING GROUND,2011000,6.3,5.1,242.7,0.0,245.0,Engaged In Fishing,7,S-AIS,2023-02-01 02:32:47,2023-01-31 21:13:25,Fishing Vessel,,4750658498819747296,s3a://ungp-ais-data-historical-backup/exact-earth-data/prod/year=2023/month=02/day=01/20230201023413.csv.gz,8001fffffffffff,576495936675512319,580968749977305087,585470700337233919,589974231245127679,594477805102694399,598981403656323071,603485002478387199,607988602005094399,612492201621979135,616995801249087487,621499400876326911,626003000503676927,630506600131044351,635010199758414399,639513799385784847,644017399013155340
257388000,1,2023-02-01 02:43:47,32.06483333,76.046,8906949,HUNTER,LKUA,Fishing,30,,A,40.0,11.0,Norway,257,FISHING GROUND,2011000,6.3,5.0,232.1,0.0,244.0,Engaged In Fishing,7,S-AIS,2023-02-01 02:43:23,2023-01-31 21:13:25,Fishing Vessel,,4750658498819747296,s3a://ungp-ais-data-historical-backup/exact-earth-data/prod/year=2023/month=02/day=01/20230201024414.csv.gz,8001fffffffffff,576495936675512319,580968749977305087,585470700337233919,589974231245127679,594477805102694399,598981403656323071,603485002478387199,607988602005094399,612492201626173439,616995801253281791,621499400880422911,626003000507764735,630506600135133695,635010199762503999,639513799389874455,644017399017244945
257388000,1,2023-02-01 02:21:25,32.19333333,76.05816667,8906949,HUNTER,LKUA,Fishing,30,,A,40.0,11.0,Norway,257,FISHING GROUND,2011000,6.3,5.5,251.5,0.0,249.0,Engaged In Fishing,7,S-AIS,2023-02-01 02:20:17,2023-01-31 21:13:25,Fishing Vessel,,4750658498819747296,s3a://ungp-ais-data-historical-backup/exact-earth-data/prod/year=2023/month=02/day=01/20230201022212.csv.gz,8001fffffffffff,576495936675512319,580968749977305087,585470700337233919,589974231245127679,594477805102694399,598981403656323071,603485002478387199,607988602038648831,612492201655533567,616995801281331199,621499400908537855,626003000535887871,630506600163255295,635010199790625663,639513799417996111,644017399045366606
257388000,1,2023-02-01 05:38:46,32.03383333,76.04366667,8906949,HUNTER,LKUA,Fishing,30,,A,40.0,11.0,Norway,257,FISHING GROUND,2011000,6.3,2.3,71.1,0.0,67.0,Engaged In Fishing,7,S-AIS,2023-02-01 05:37:27,2023-01-31 21:13:25,Fishing Vessel,,4750658498819747296,s3a://ungp-ais-data-historical-backup/exact-earth-data/prod/year=2023/month=02/day=01/20230201054012.csv.gz,8001fffffffffff,576495936675512319,580968749977305087,585470700337233919,589974231245127679,594477805102694399,598981403656323071,603485002478387199,607988602072203263,612492201686990847,616995801312526335,621499400939700223,626003000567062527,630506600194430975,635010199821801407,639513799449171871,644017399076542364
257388000,3,2023-02-01 06:00:21,32.08116667,76.04866667,8906949,HUNTER,LKUA,Fishing,30,,A,40.0,11.0,Norway,257,FISHING GROUND,2011000,6.3,2.2,61.8,0.0,60.0,Engaged In Fishing,7,S-AIS,2023-02-01 05:59:10,2023-01-31 21:13:25,Fishing Vessel,,4750658498819747296,s3a://ungp-ais-data-historical-backup/exact-earth-data/prod/year=2023/month=02/day=01/20230201060213.csv.gz,8001fffffffffff,576495936675512319,580968749977305087,585470700337233919,589974231245127679,594477805102694399,598981403656323071,603485002478387199,607988602005094399,612492201630367743,616995801256165375,621499400883503103,626003000510849023,630506600138218495,635010199765588543,639513799392959095,644017399020329590
258962000,1,2023-02-01 05:15:04,34.647705,76.54664833,9202675,POLAR PIONEER,LEHG,Fishing,30,,A,50.0,11.0,Norway,258,BARENTSHAVET,1160700,4.8,1.7,156.6,0.0,112.0,Under Way Using Engine,0,S-AIS,2023-02-01 05:14:01,2023-02-01 01:21:47,Fishing Vessel,,4797386643490173520,s3a://ungp-ais-data-historical-backup/exact-earth-data/prod/year=2023/month=02/day=01/20230201051613.csv.gz,8001fffffffffff,576495936675512319,580968749977305087,585470700337233919,589974231245127679,594478844484780031,598982441964666879,603486041189384191,607989640716091391,612493240337170431,616996839962968063,621500439590305791,626004039217663999,630507638845041663,635011238472412031,639514838099782479,644018437727152971
258962000,1,2023-02-01 02:21:44,34.631965,76.5288,9202675,POLAR PIONEER,LEHG,Fishing,30,,A,50.0,11.0,Norway,258,BARENTSHAVET,1160700,4.8,0.1,149.4,0.0,71.0,Under Way Using Engine,0,S-AIS,2023-02-01 02:20:40,2023-02-01 01:21:47,Fishing Vessel,,4797386643490173520,s3a://ungp-ais-data-historical-backup/exact-earth-data/prod/year=2023/month=02/day=01/20230201022212.csv.gz,8001fffffffffff,576495936675512319,580968749977305087,585470700337233919,589974231245127679,594478844484780031,598982441964666879,603486041189384191,607989640783200255,612493240404279295,616996840030601215,621500439657807871,626004039285149695,630507638912518655,635011238539889023,639514838167259471,644018437794629966
258962000,1,2023-02-01 03:20:03,34.67985833,76.53597333,9202675,POLAR PIONEER,LEHG,Fishing,30,,A,50.0,11.0,Norway,258,BARENTSHAVET,1160700,4.8,1.3,54.4,0.0,66.0,Under Way Using Engine,0,S-AIS,2023-02-01 03:19:01,2023-02-01 01:21:47,Fishing Vessel,,4797386643490173520,s3a://ungp-ais-data-historical-backup/exact-earth-data/prod/year=2023/month=02/day=01/20230201032013.csv.gz,8001fffffffffff,576495936675512319,580968749977305087,585470700337233919,589974231245127679,594478844484780031,598982441964666879,603486041189384191,607989640783200255,612493240402182143,616996840029290495,621500439656529919,626004039283896319,630507638911263231,635011238538633663,639514838166004143,644018437793374635
258962000,1,2023-02-01 05:30:10,34.663815,76.540585,9202675,POLAR PIONEER,LEHG,Fishing,30,,A,50.0,11.0,Norway,258,BARENTSHAVET,1160700,4.8,1.7,153.3,0.0,117.0,Under Way Using Engine,0,S-AIS,2023-02-01 05:29:47,2023-02-01 01:21:47,Fishing Vessel,,4797386643490173520,s3a://ungp-ais-data-historical-backup/exact-earth-data/prod/year=2023/month=02/day=01/20230201053013.csv.gz,8001fffffffffff,576495936675512319,580968749977305087,585470700337233919,589974231245127679,594478844484780031,598982441964666879,603486041189384191,607989640783200255,612493240402182143,616996840027979775,621500439655186431,626004039282540543,630507638909907455,635011238537277567,639514838164648023,644018437792018512
258962000,1,2023-02-01 05:39:07,34.67269333,76.53671667,9202675,POLAR PIONEER,LEHG,Fishing,30,,A,50.0,11.0,Norway,258,BARENTSHAVET,1160700,4.8,2.0,148.3,0.0,128.0,Under Way Using Engine,0,S-AIS,2023-02-01 05:38:29,2023-02-01 01:21:47,Fishing Vessel,,4797386643490173520,s3a://ungp-ais-data-historical-backup/exact-earth-data/prod/year=2023/month=02/day=01/20230201054012.csv.gz,8001fffffffffff,576495936675512319,580968749977305087,585470700337233919,589974231245127679,594478844484780031,598982441964666879,603486041189384191,607989640783200255,612493240402182143,616996840029290495,621500439656464383,626004039283806207,630507638911175679,635011238538545791,639514838165916271,644018437793286762
258962000,1,2023-02-01 02:07:16,34.63435167,76.52921,9202675,POLAR PIONEER,LEHG,Fishing,30,,A,50.0,11.0,Norway,258,BARENTSHAVET,1160700,4.8,0.5,348.3,0.0,69.0,Under Way Using Engine,0,S-AIS,2023-02-01 02:07:00,2023-02-01 01:21:47,Fishing Vessel,,4797386643490173520,s3a://ungp-ais-data-historical-backup/exact-earth-data/prod/year=2023/month=02/day=01/20230201020813.csv.gz,8001fffffffffff,576495936675512319,580968749977305087,585470700337233919,589974231245127679,594478844484780031,598982441964666879,603486041189384191,607989640783200255,612493240404279295,616996840022474751,621500439657807871,626004039277137919,630507638904506879,635011238531877247,639514838159247719,644018437794641298
258962000,1,2023-02-01 06:00:35,34.69755833,76.52682,9202675,POLAR PIONEER,LEHG,Fishing,30,,A,50.0,11.0,Norway,258,BARENTSHAVET,1160700,4.8,2.1,148.1,0.0,119.0,Under Way Using Engine,0,S-AIS,2023-02-01 05:59:30,2023-02-01 01:21:47,Fishing Vessel,,4797386643490173520,s3a://ungp-ais-data-historical-backup/exact-earth-data/prod/year=2023/month=02/day=01/20230201060213.csv.gz,8001fffffffffff,576495936675512319,580968749977305087,585470700337233919,589974231245127679,594478844484780031,598982441964666879,603486041189384191,607989640766423039,612493240320393215,616996840007532543,621500439574511615,626004039201869823,630507638829239807,635011238456609855,639514838083980343,644018437711350837
258962000,1,2023-02-01 02:08:33,34.63410833,76.52933,9202675,POLAR PIONEER,LEHG,Fishing,30,,A,50.0,11.0,Norway,258,BARENTSHAVET,1160700,4.8,0.4,352.8,0.0,64.0,Under Way Using Engine,0,S-AIS,2023-02-01 02:08:13,2023-02-01 01:21:47,Fishing Vessel,,4797386643490173520,s3a://ungp-ais-data-historical-backup/exact-earth-data/prod/year=2023/month=02/day=01/20230201021009.csv.gz,8001fffffffffff,576495936675512319,580968749977305087,585470700337233919,589974231245127679,594478844484780031,598982441964666879,603486041189384191,607989640783200255,612493240404279295,616996840030601215,621500439657807871,626004039285161983,630507638912529919,635011238539900159,639514838167270599,644018437794641102
258962000,1,2023-02-01 03:11:43,34.673455,76.53467167,9202675,POLAR PIONEER,LEHG,Fishing,30,,A,50.0,11.0,Norway,258,BARENTSHAVET,1160700,4.8,0.7,9.9,0.0,69.0,Under Way Using Engine,0,S-AIS,2023-02-01 03:11:23,2023-02-01 01:21:47,Fishing Vessel,,4797386643490173520,s3a://ungp-ais-data-historical-backup/exact-earth-data/prod/year=2023/month=02/day=01/20230201031213.csv.gz,8001fffffffffff,576495936675512319,580968749977305087,585470700337233919,589974231245127679,594478844484780031,598982441964666879,603486041189384191,607989640783200255,612493240402182143,616996840029290495,621500439656562687,626004039283912703,630507638911281663,635011238538651775,639514838166022247,644018437793392737
258962000,1,2023-02-01 05:23:47,34.65550667,76.5435,9202675,POLAR PIONEER,LEHG,Fishing,30,,A,50.0,11.0,Norway,258,BARENTSHAVET,1160700,4.8,2.1,140.8,0.0,119.0,Under Way Using Engine,0,S-AIS,2023-02-01 05:22:41,2023-02-01 01:21:47,Fishing Vessel,,4797386643490173520,s3a://ungp-ais-data-historical-backup/exact-earth-data/prod/year=2023/month=02/day=01/20230201052413.csv.gz,8001fffffffffff,576495936675512319,580968749977305087,585470700337233919,589974231245127679,594478844484780031,598982441964666879,603486041189384191,607989640716091391,612493240337170431,616996839963754495,621500439591583743,626004039218946047,630507638846313471,635011238473683839,639514838101054327,644018437728424819
258962000,1,2023-02-01 02:35:07,34.64073333,76.53028667,9202675,POLAR PIONEER,LEHG,Fishing,30,,A,50.0,11.0,Norway,258,BARENTSHAVET,1160700,4.8,1.2,46.9,0.0,69.0,Under Way Using Engine,0,S-AIS,2023-02-01 02:34:45,2023-02-01 01:21:47,Fishing Vessel,,4797386643490173520,s3a://ungp-ais-data-historical-backup/exact-earth-data/prod/year=2023/month=02/day=01/20230201023613.csv.gz,8001fffffffffff,576495936675512319,580968749977305087,585470700337233919,589974231245127679,594478844484780031,598982441964666879,603486041189384191,607989640783200255,612493240395890687,616996840022474751,621500439649648639,626004039277015039,630507638904383487,635011238531753919,639514838159124359,644018437786494849
258962000,1,2023-02-01 03:33:35,34.68918167,76.536735,9202675,POLAR PIONEER,LEHG,Fishing,30,,A,50.0,11.0,Norway,258,BARENTSHAVET,1160700,4.8,0.4,96.1,0.0,67.0,Under Way Using Engine,0,S-AIS,2023-02-01 03:32:30,2023-02-01 01:21:47,Fishing Vessel,,4797386643490173520,s3a://ungp-ais-data-historical-backup/exact-earth-data/prod/year=2023/month=02/day=01/20230201033413.csv.gz,8001fffffffffff,576495936675512319,580968749977305087,585470700337233919,589974231245127679,594478844484780031,598982441964666879,603486041189384191,607989640699314175,612493240322490367,616996839949336575,621500439576575999,626004039203938303,630507638831305727,635011238458676095,639514838086046583,644018437713417072
258962000,3,2023-02-01 04:21:20,34.61738,76.53241833,9202675,POLAR PIONEER,LEHG,Fishing,30,,A,50.0,11.0,Norway,258,BARENTSHAVET,1160700,4.8,6.4,258.5,0.0,251.0,Under Way Using Engine,0,S-AIS,2023-02-01 04:20:20,2023-02-01 01:21:47,Fishing Vessel,,4797386643490173520,s3a://ungp-ais-data-historical-backup/exact-earth-data/prod/year=2023/month=02/day=01/20230201042215.csv.gz,8001fffffffffff,576495936675512319,580968749977305087,585470700337233919,589974231245127679,594478844484780031,598982441964666879,603486041189384191,607989640783200255,612493240406376447,616996840033484799,621500439660658687,626004039288016895,630507638915385343,635011238542755519,639514838170125847,644018437797496338
258962000,3,2023-02-01 05:02:54,34.63319667,76.550415,9202675,POLAR PIONEER,LEHG,Fishing,30,,A,50.0,11.0,Norway,258,BARENTSHAVET,1160700,4.8,1.6,111.6,0.0,110.0,Under Way Using Engine,0,S-AIS,2023-02-01 05:02:37,2023-02-01 01:21:47,Fishing Vessel,,4797386643490173520,s3a://ungp-ais-data-historical-backup/exact-earth-data/prod/year=2023/month=02/day=01/20230201050413.csv.gz,8001fffffffffff,576495936675512319,580968749977305087,585470700337233919,589974231245127679,594478844484780031,598982441964666879,603486041189384191,607989640716091391,612493240339267583,616996839965851647,621500439593156607,626004039220523007,630507638847889919,635011238475260031,639514838102630503,644018437730000995
258962000,3,2023-02-01 05:57:34,34.695,76.52780833,9202675,POLAR PIONEER,LEHG,Fishing,30,,A,50.0,11.0,Norway,258,BARENTSHAVET,1160700,4.8,1.2,150.6,0.0,119.0,Under Way Using Engine,0,S-AIS,2023-02-01 05:57:12,2023-02-01 01:21:47,Fishing Vessel,,4797386643490173520,s3a://ungp-ais-data-historical-backup/exact-earth-data/prod/year=2023/month=02/day=01/20230201055813.csv.gz,8001fffffffffff,576495936675512319,580968749977305087,585470700337233919,589974231245127679,594478844484780031,598982441964666879,603486041189384191,607989640699314175,612493240400084991,616996839947239423,621500439654399999,626004039281750015,630507638909118463,635011238536488831,639514838163859271,644018437791229765
258962000,3,2023-02-01 05:24:43,34.65832,76.54263333,9202675,POLAR PIONEER,LEHG,Fishing,30,,A,50.0,11.0,Norway,258,BARENTSHAVET,1160700,4.8,2.4,145.7,0.0,113.0,Under Way Using Engine,0,S-AIS,2023-02-01 05:24:31,2023-02-01 01:21:47,Fishing Vessel,,4797386643490173520,s3a://ungp-ais-data-historical-backup/exact-earth-data/prod/year=2023/month=02/day=01/20230201052612.csv.gz,8001fffffffffff,576495936675512319,580968749977305087,585470700337233919,589974231245127679,594478844484780031,598982441964666879,603486041189384191,607989640716091391,612493240337170431,616996839964278783,621500439591550975,626004039218896895,630507638846263807,635011238473634111,639514838101004559,644018437728375054
258962000,27,2023-02-01 03:34:46,34.69,76.53666667,9202675,POLAR PIONEER,LEHG,Fishing,30,,A,50.0,11.0,Norway,258,BARENTSHAVET,1160700,4.8,0.0,93.0,0.0,0.0,Under Way Using Engine,0,S-AIS,2023-02-01 03:34:30,2023-02-01 01:21:47,Fishing Vessel,,4797386643490173520,s3a://ungp-ais-data-historical-backup/exact-earth-data/prod/year=2023/month=02/day=01/20230201033612.csv.gz,8001fffffffffff,576495936675512319,580968749977305087,585470700337233919,589974231245127679,594478844484780031,598982441964666879,603486041189384191,607989640699314175,612493240322490367,616996839949336575,621500439576575999,626004039203938303,630507638831306751,635011238458677055,639514838086047495,644018437713417988
258962000,27,2023-02-01 02:58:56,34.66333333,76.53166667,9202675,POLAR PIONEER,LEHG,Fishing,30,,A,50.0,11.0,Norway,258,BARENTSHAVET,1160700,4.8,0.0,64.0,0.0,0.0,Under Way Using Engine,0,S-AIS,2023-02-01 02:58:36,2023-02-01 01:21:47,Fishing Vessel,,4797386643490173520,s3a://ungp-ais-data-historical-backup/exact-earth-data/prod/year=2023/month=02/day=01/20230201030013.csv.gz,8001fffffffffff,576495936675512319,580968749977305087,585470700337233919,589974231245127679,594478844484780031,598982441964666879,603486041189384191,607989640783200255,612493240400084991,616996840021950463,621500439649157119,626004039281451007,630507638908818431,635011238536188479,639514838163558919,644018437790929411
258962000,27,2023-02-01 03:56:34,34.71,76.53666667,9202675,POLAR PIONEER,LEHG,Fishing,30,,A,50.0,11.0,Norway,258,BARENTSHAVET,1160700,4.8,1.0,63.0,0.0,0.0,Under Way Using Engine,0,S-AIS,2023-02-01 03:55:28,2023-02-01 01:21:47,Fishing Vessel,,4797386643490173520,s3a://ungp-ais-data-historical-backup/exact-earth-data/prod/year=2023/month=02/day=01/20230201035812.csv.gz,8001fffffffffff,576495936675512319,580968749977305087,585470700337233919,589974231245127679,594478844484780031,598982441964666879,603486041189384191,607989640699314175,612493240322490367,616996839948550143,621500439575855103,626004039203196927,630507638830564863,635011238457934911,639514838085305359,644018437712675853
258962000,27,2023-02-01 02:26:41,34.63,76.52833333,9202675,POLAR PIONEER,LEHG,Fishing,30,,A,50.0,11.0,Norway,258,BARENTSHAVET,1160700,4.8,0.0,34.0,0.0,0.0,Under Way Using Engine,0,S-AIS,2023-02-01 02:25:28,2023-02-01 01:21:47,Fishing Vessel,,4797386643490173520,s3a://ungp-ais-data-historical-backup/exact-earth-data/prod/year=2023/month=02/day=01/20230201022813.csv.gz,8001fffffffffff,576495936675512319,580968749977305087,585470700337233919,589974231245127679,594478844484780031,598982441964666879,603486041189384191,607989640783200255,612493240404279295,616996840030601215,621500439657938943,626004039285293055,630507638912662015,635011238540032447,639514838167402911,644018437794773403
258962000,27,2023-02-01 02:53:34,34.655,76.53166667,9202675,POLAR PIONEER,LEHG,Fishing,30,,A,50.0,11.0,Norway,258,BARENTSHAVET,1160700,4.8,1.0,50.0,0.0,0.0,Under Way Using Engine,0,S-AIS,2023-02-01 02:52:29,2023-02-01 01:21:47,Fishing Vessel,,4797386643490173520,s3a://ungp-ais-data-historical-backup/exact-earth-data/prod/year=2023/month=02/day=01/20230201025413.csv.gz,8001fffffffffff,576495936675512319,580968749977305087,585470700337233919,589974231245127679,594478844484780031,598982441964666879,603486041189384191,607989640783200255,612493240395890687,616996840021950463,621500439649222655,626004039276564479,630507638903931391,635011238531301439,639514838158671927,644018437786042419
258962000,27,2023-02-01 04:52:57,34.62166667,76.54833333,9202675,POLAR PIONEER,LEHG,Fishing,30,,A,50.0,11.0,Norway,258,BARENTSHAVET,1160700,4.8,5.0,15.0,0.0,0.0,Under Way Using Engine,0,S-AIS,2023-02-01 04:52:37,2023-02-01 01:21:47,Fishing Vessel,,4797386643490173520,s3a://ungp-ais-data-historical-backup/exact-earth-data/prod/year=2023/month=02/day=01/20230201045413.csv.gz,8001fffffffffff,576495936675512319,580968749977305087,585470700337233919,589974231245127679,594478844484780031,598982441964666879,603486041189384191,607988593566154751,612492193183039487,616995792808574975,621499392435814399,626002992063176703,630506591690545151,635010191317915327,639513790945285767,644017390572656261
258962000,27,2023-02-01 05:55:46,34.69166667,76.52833333,9202675,POLAR PIONEER,LEHG,Fishing,30,,A,50.0,11.0,Norway,258,BARENTSHAVET,1160700,4.8,2.0,144.0,0.0,0.0,Under Way Using Engine,0,S-AIS,2023-02-01 05:55:31,2023-02-01 01:21:47,Fishing Vessel,,4797386643490173520,s3a://ungp-ais-data-historical-backup/exact-earth-data/prod/year=2023/month=02/day=01/20230201055613.csv.gz,8001fffffffffff,576495936675512319,580968749977305087,585470700337233919,589974231245127679,594478844484780031,598982441964666879,603486041189384191,607989640783200255,612493240400084991,616996840027193343,621500439654432767,626004039281799167,630507638909168127,635011238536538239,639514838163908719,644018437791279213
258962000,27,2023-02-01 02:43:54,34.64833333,76.53,9202675,POLAR PIONEER,LEHG,Fishing,30,,A,50.0,11.0,Norway,258,BARENTSHAVET,1160700,4.8,1.0,59.0,0.0,0.0,Under Way Using Engine,0,S-AIS,2023-02-01 02:43:33,2023-02-01 01:21:47,Fishing Vessel,,4797386643490173520,s3a://ungp-ais-data-historical-backup/exact-earth-data/prod/year=2023/month=02/day=01/20230201024414.csv.gz,8001fffffffffff,576495936675512319,580968749977305087,585470700337233919,589974231245127679,594478844484780031,598982441964666879,603486041189384191,607989640783200255,612493240395890687,616996840022999039,621500439650303999,626004039277645823,630507638905014783,635011238532385727,639514838159755471,644018437787125961
258962000,27,2023-02-01 03:58:51,34.71333333,76.53666667,9202675,POLAR PIONEER,LEHG,Fishing,30,,A,50.0,11.0,Norway,258,BARENTSHAVET,1160700,4.8,0.0,71.0,0.0,0.0,Under Way Using Engine,0,S-AIS,2023-02-01 03:58:36,2023-02-01 01:21:47,Fishing Vessel,,4797386643490173520,s3a://ungp-ais-data-historical-backup/exact-earth-data/prod/year=2023/month=02/day=01/20230201040010.csv.gz,8001fffffffffff,576495936675512319,580968749977305087,585470700337233919,589974231245127679,594478844484780031,598982441964666879,603486041189384191,607989640699314175,612493240322490367,616996839948550143,621500439575691263,626004039203037183,630507638830407167,635011238457777407,639514838085147887,644018437712518382
258962000,27,2023-02-01 03:21:06,34.68,76.535,9202675,POLAR PIONEER,LEHG,Fishing,30,,A,50.0,11.0,Norway,258,BARENTSHAVET,1160700,4.8,1.0,54.0,0.0,0.0,Under Way Using Engine,0,S-AIS,2023-02-01 03:19:29,2023-02-01 01:21:47,Fishing Vessel,,4797386643490173520,s3a://ungp-ais-data-historical-backup/exact-earth-data/prod/year=2023/month=02/day=01/20230201032213.csv.gz,8001fffffffffff,576495936675512319,580968749977305087,585470700337233919,589974231245127679,594478844484780031,598982441964666879,603486041189384191,607989640783200255,612493240402182143,616996840029290495,621500439656497151,626004039283855359,630507638911223807,635011238538594175,639514838165964639,644018437793335134
258962000,27,2023-02-01 05:46:43,34.68166667,76.53166667,9202675,POLAR PIONEER,LEHG,Fishing,30,,A,50.0,11.0,Norway,258,BARENTSHAVET,1160700,4.8,1.0,162.0,0.0,0.0,Under Way Using Engine,0,S-AIS,2023-02-01 05:46:29,2023-02-01 01:21:47,Fishing Vessel,,4797386643490173520,s3a://ungp-ais-data-historical-backup/exact-earth-data/prod/year=2023/month=02/day=01/20230201054812.csv.gz,8001fffffffffff,576495936675512319,580968749977305087,585470700337233919,589974231245127679,594478844484780031,598982441964666879,603486041189384191,607989640783200255,612493240400084991,616996840025620479,621500439652859903,626004039280205823,630507638907574271,635011238534944639,639514838162315103,644018437789685593
258962000,27,2023-02-01 04:31:43,34.61166667,76.53333333,9202675,POLAR PIONEER,LEHG,Fishing,30,,A,50.0,11.0,Norway,258,BARENTSHAVET,1160700,4.8,0.0,270.0,0.0,0.0,Under Way Using Engine,0,S-AIS,2023-02-01 04:31:29,2023-02-01 01:21:47,Fishing Vessel,,4797386643490173520,s3a://ungp-ais-data-historical-backup/exact-earth-data/prod/year=2023/month=02/day=01/20230201043212.csv.gz,8001fffffffffff,576495936675512319,580968749977305087,585470700337233919,589974231245127679,594478844484780031,598982441964666879,603486041189384191,607989640783200255,612493240406376447,616996840031911935,621500439659249663,626004039286595583,630507638913963519,635011238541333631,639514838168704111,644018437796074601
258962000,27,2023-02-01 05:01:53,34.63,76.55,9202675,POLAR PIONEER,LEHG,Fishing,30,,A,50.0,11.0,Norway,258,BARENTSHAVET,1160700,4.8,2.0,110.0,0.0,0.0,Under Way Using Engine,0,S-AIS,2023-02-01 05:01:32,2023-02-01 01:21:47,Fishing Vessel,,4797386643490173520,s3a://ungp-ais-data-historical-backup/exact-earth-data/prod/year=2023/month=02/day=01/20230201050213.csv.gz,8001fffffffffff,576495936675512319,580968749977305087,585470700337233919,589974231245127679,594478844484780031,598982441964666879,603486041189384191,607988593566154751,612492193183039487,616995792809361407,621499392436568063,626002992063918079,630506591691287551,635010191318657919,639513790946028383,644017390573398873
258962000,27,2023-02-01 05:20:03,34.65166667,76.54333333,9202675,POLAR PIONEER,LEHG,Fishing,30,,A,50.0,11.0,Norway,258,BARENTSHAVET,1160700,4.8,1.0,143.0,0.0,0.0,Under Way Using Engine,0,S-AIS,2023-02-01 05:19:33,2023-02-01 01:21:47,Fishing Vessel,,4797386643490173520,s3a://ungp-ais-data-historical-backup/exact-earth-data/prod/year=2023/month=02/day=01/20230201052013.csv.gz,8001fffffffffff,576495936675512319,580968749977305087,585470700337233919,589974231245127679,594478844484780031,598982441964666879,603486041189384191,607989640716091391,612493240337170431,616996839963754495,621500439590993919,626004039218352127,630507638845721599,635011238473091647,639514838100462111,644018437727832606
258099000,1,2023-02-01 02:54:19,35.28258167,76.34506,5169617,KVITUNGEN,LGPZ,Fishing,30,,A,40.0,6.0,Norway,258,STORBANKEN,1241850,5.5,5.2,176.3,0.0,162.0,Engaged In Fishing,7,S-AIS,2023-02-01 02:53:52,2023-02-01 01:01:36,Fishing Vessel,Seal Catcher,5132012012286658360,s3a://ungp-ais-data-historical-backup/exact-earth-data/prod/year=2023/month=02/day=01/20230201025612.csv.gz,8001fffffffffff,576495936675512319,580968749977305087,585470700337233919,589975262037278719,594477787922825215,598981382181486591,603484981271986175,607988580882579455,612492180495269887,616995780121067519,621499379748339711,626002979375706111,630506579003075583,635010178630445951,639513778257816407,644017377885186896
258099000,1,2023-02-01 04:14:40,35.30073,76.325615,5169617,KVITUNGEN,LGPZ,Fishing,30,,A,40.0,6.0,Norway,258,STORBANKEN,1241850,5.5,1.7,49.1,0.0,72.0,Engaged In Fishing,7,S-AIS,2023-02-01 04:13:41,2023-02-01 01:01:36,Fishing Vessel,Seal Catcher,5132012012286658360,s3a://ungp-ais-data-historical-backup/exact-earth-data/prod/year=2023/month=02/day=01/20230201041613.csv.gz,8001fffffffffff,576495936675512319,580968749977305087,585470700337233919,589975262037278719,594477787922825215,598981382181486591,603484981137768447,607988580664475647,612492180281360383,616995779907682303,621499379534823423,626002979162165247,630506578789533695,635010178416904063,639513778044274543,644017377671645034
258099000,1,2023-02-01 03:33:35,35.27205167,76.33020167,5169617,KVITUNGEN,LGPZ,Fishing,30,,A,40.0,6.0,Norway,258,STORBANKEN,1241850,5.5,1.3,96.4,0.0,88.0,Engaged In Fishing,7,S-AIS,2023-02-01 03:32:30,2023-02-01 01:01:36,Fishing Vessel,Seal Catcher,5132012012286658360,s3a://ungp-ais-data-historical-backup/exact-earth-data/prod/year=2023/month=02/day=01/20230201033413.csv.gz,8001fffffffffff,576495936675512319,580968749977305087,585470700337233919,589975262037278719,594477787922825215,598981382181486591,603484981137768447,607988580664475647,612492180283457535,616995779910303743,621499379537444863,626002979164786687,630506578792164351,635010178419534719,639513778046905191,644017377674275684
258099000,1,2023-02-01 05:02:13,35.3263,76.336345,5169617,KVITUNGEN,LGPZ,Fishing,30,,A,40.0,6.0,Norway,258,STORBANKEN,1241850,5.5,2.0,316.6,0.0,6.0,Engaged In Fishing,7,S-AIS,2023-02-01 05:01:52,2023-02-01 05:01:42,Fishing Vessel,Seal Catcher,5132012012286658360,s3a://ungp-ais-data-historical-backup/exact-earth-data/prod/year=2023/month=02/day=01/20230201050413.csv.gz,8001fffffffffff,576495936675512319,580968749977305087,585470700337233919,589975262037278719,594477787922825215,598981382181486591,603484981137768447,607988580882579455,612492180312817663,616995779938615295,621499379565920255,626002979193278463,630506578820648447,635010178448018623,639513778075389095,644017377702759588
258099000,1,2023-02-01 03:37:45,35.274155,76.32925667,5169617,KVITUNGEN,LGPZ,Fishing,30,,A,40.0,6.0,Norway,258,STORBANKEN,1241850,5.5,0.9,170.8,0.0,93.0,Engaged In Fishing,7,S-AIS,2023-02-01 03:37:25,2023-02-01 01:01:36,Fishing Vessel,Seal Catcher,5132012012286658360,s3a://ungp-ais-data-historical-backup/exact-earth-data/prod/year=2023/month=02/day=01/20230201033813.csv.gz,8001fffffffffff,576495936675512319,580968749977305087,585470700337233919,589975262037278719,594477787922825215,598981382181486591,603484981137768447,607988580664475647,612492180283457535,616995779910303743,621499379537641471,626002979164991487,630506578792365567,635010178419735999,639513778047099759,644017377674470253
258099000,1,2023-02-01 04:54:44,35.32791667,76.33433833,5169617,KVITUNGEN,LGPZ,Fishing,30,,A,40.0,6.0,Norway,258,STORBANKEN,1241850,5.5,1.2,349.0,0.0,43.0,Engaged In Fishing,7,S-AIS,2023-02-01 04:53:32,2023-02-01 01:01:36,Fishing Vessel,Seal Catcher,5132012012286658360,s3a://ungp-ais-data-historical-backup/exact-earth-data/prod/year=2023/month=02/day=01/20230201045613.csv.gz,8001fffffffffff,576495936675512319,580968749977305087,585470700337233919,589975262037278719,594477787922825215,598981382181486591,603484981137768447,607988580698030079,612492180312817663,616995779939663871,621499379566804991,626002979194159103,630506578821527551,635010178448897855,639513778076268343,644017377703638834
258099000,1,2023-02-01 05:24:28,35.31538333,76.34505,5169617,KVITUNGEN,LGPZ,Fishing,30,,A,40.0,6.0,Norway,258,STORBANKEN,1241850,5.5,2.2,357.1,0.0,33.0,Engaged In Fishing,7,S-AIS,2023-02-01 05:23:42,2023-02-01 05:01:42,Fishing Vessel,Seal Catcher,5132012012286658360,s3a://ungp-ais-data-historical-backup/exact-earth-data/prod/year=2023/month=02/day=01/20230201052612.csv.gz,8001fffffffffff,576495936675512319,580968749977305087,585470700337233919,589975262037278719,594477787922825215,598981382181486591,603484981271986175,607988580882579455,612492180499464191,616995780125261823,621499379752566783,626002979379920895,630506579007289343,635010178634659391,639513778262029871,644017377889400360
258099000,1,2023-02-01 03:57:34,35.27721333,76.32566833,5169617,KVITUNGEN,LGPZ,Fishing,30,,A,40.0,6.0,Norway,258,STORBANKEN,1241850,5.5,0.3,155.2,0.0,91.0,Engaged In Fishing,7,S-AIS,2023-02-01 03:57:12,2023-02-01 01:01:36,Fishing Vessel,Seal Catcher,5132012012286658360,s3a://ungp-ais-data-historical-backup/exact-earth-data/prod/year=2023/month=02/day=01/20230201035812.csv.gz,8001fffffffffff,576495936675512319,580968749977305087,585470700337233919,589975262037278719,594477787922825215,598981382181486591,603484981137768447,607988580664475647,612492180277166079,616995779903225855,621499379530465279,626002979157827583,630506578785195519,635010178412565951,639513778039936391,644017377667306880
258099000,1,2023-02-01 05:29:28,35.31295,76.34695167,5169617,KVITUNGEN,LGPZ,Fishing,30,,A,40.0,6.0,Norway,258,STORBANKEN,1241850,5.5,1.7,330.0,0.0,12.0,Engaged In Fishing,7,S-AIS,2023-02-01 05:29:07,2023-02-01 05:01:42,Fishing Vessel,Seal Catcher,5132012012286658360,s3a://ungp-ais-data-historical-backup/exact-earth-data/prod/year=2023/month=02/day=01/20230201053013.csv.gz,8001fffffffffff,576495936675512319,580968749977305087,585470700337233919,589975262037278719,594477787922825215,598981382181486591,603484981271986175,607988580882579455,612492180501561343,616995780128145407,621499379755286527,626002979382636543,630506579010111999,635010178637482303,639513778264852791,644017377892223282
258099000,1,2023-02-01 02:44:04,35.28020667,76.35943,5169617,KVITUNGEN,LGPZ,Fishing,30,,A,40.0,6.0,Norway,258,STORBANKEN,1241850,5.5,5.1,180.5,0.0,170.0,Engaged In Fishing,7,S-AIS,2023-02-01 02:43:43,2023-02-01 01:01:36,Fishing Vessel,Seal Catcher,5132012012286658360,s3a://ungp-ais-data-historical-backup/exact-earth-data/prod/year=2023/month=02/day=01/20230201024414.csv.gz,8001fffffffffff,576495936675512319,580968749977305087,585470700337233919,589975262037278719,594477787922825215,598981382181486591,603484981271986175,607988580781916159,612492180398800895,616995780024860671,621499379652001791,626002979279364095,630506578906731519,635010178534101759,639513778161472247,644017377788842737
258099000,1,2023-02-01 02:53:41,35.28185,76.34650333,5169617,KVITUNGEN,LGPZ,Fishing,30,,A,40.0,6.0,Norway,258,STORBANKEN,1241850,5.5,5.0,166.4,0.0,164.0,Engaged In Fishing,7,S-AIS,2023-02-01 02:52:53,2023-02-01 01:01:36,Fishing Vessel,Seal Catcher,5132012012286658360,s3a://ungp-ais-data-historical-backup/exact-earth-data/prod/year=2023/month=02/day=01/20230201025413.csv.gz,8001fffffffffff,576495936675512319,580968749977305087,585470700337233919,589975262037278719,594477787922825215,598981382181486591,603484981271986175,607988580882579455,612492180495269887,616995780121067519,621499379748372479,626002979375722495,630506579003091967,635010178630462399,639513778257832839,644017377885203330
258099000,1,2023-02-01 03:48:27,35.27783,76.32723667,5169617,KVITUNGEN,LGPZ,Fishing,30,,A,40.0,6.0,Norway,258,STORBANKEN,1241850,5.5,0.9,86.3,0.0,87.0,Engaged In Fishing,7,S-AIS,2023-02-01 03:47:48,2023-02-01 01:01:36,Fishing Vessel,Seal Catcher,5132012012286658360,s3a://ungp-ais-data-historical-backup/exact-earth-data/prod/year=2023/month=02/day=01/20230201035013.csv.gz,8001fffffffffff,576495936675512319,580968749977305087,585470700337233919,589975262037278719,594477787922825215,598981382181486591,603484981137768447,607988580664475647,612492180283457535,616995779910041599,621499379537313791,626002979164667903,630506578792035839,635010178419405887,639513778046776351,644017377674146844
258099000,1,2023-02-01 05:47:13,35.30451167,76.35368667,5169617,KVITUNGEN,LGPZ,Fishing,30,,A,40.0,6.0,Norway,258,STORBANKEN,1241850,5.5,2.1,328.2,0.0,31.0,Engaged In Fishing,7,S-AIS,2023-02-01 05:46:11,2023-02-01 05:01:42,Fishing Vessel,Seal Catcher,5132012012286658360,s3a://ungp-ais-data-historical-backup/exact-earth-data/prod/year=2023/month=02/day=01/20230201054812.csv.gz,8001fffffffffff,576495936675512319,580968749977305087,585470700337233919,589975262037278719,594477787922825215,598981382181486591,603484981271986175,607988580882579455,612492180436549631,616995780063133695,621499379690340351,626002979317706751,630506578945075711,635010178572445951,639513778199816415,644017377827186909
258099000,1,2023-02-01 03:01:45,35.28743,76.33553167,5169617,KVITUNGEN,LGPZ,Fishing,30,,A,40.0,6.0,Norway,258,STORBANKEN,1241850,5.5,5.3,190.4,0.0,163.0,Engaged In Fishing,7,S-AIS,2023-02-01 03:00:41,2023-02-01 01:01:36,Fishing Vessel,Seal Catcher,5132012012286658360,s3a://ungp-ais-data-historical-backup/exact-earth-data/prod/year=2023/month=02/day=01/20230201030213.csv.gz,8001fffffffffff,576495936675512319,580968749977305087,585470700337233919,589975262037278719,594477787922825215,598981382181486591,603484981271986175,607988580882579455,612492180503658495,616995780134699007,621499379757973503,626002979389362175,630506579012691967,635010178640062207,639513778267432671,644017377894803139
258099000,1,2023-02-01 05:31:10,35.311915,76.34750667,5169617,KVITUNGEN,LGPZ,Fishing,30,,A,40.0,6.0,Norway,258,STORBANKEN,1241850,5.5,1.9,350.0,0.0,12.0,Engaged In Fishing,7,S-AIS,2023-02-01 05:30:24,2023-02-01 05:01:42,Fishing Vessel,Seal Catcher,5132012012286658360,s3a://ungp-ais-data-historical-backup/exact-earth-data/prod/year=2023/month=02/day=01/20230201053213.csv.gz,8001fffffffffff,576495936675512319,580968749977305087,585470700337233919,589975262037278719,594477787922825215,598981382181486591,603484981271986175,607988580882579455,612492180501561343,616995780128145407,621499379755384831,626002979382747135,630506579010114047,635010178637484415,639513778264854863,644017377892225356
258099000,1,2023-02-01 02:58:24,35.2851,76.34014667,5169617,KVITUNGEN,LGPZ,Fishing,30,,A,40.0,6.0,Norway,258,STORBANKEN,1241850,5.5,5.3,176.8,0.0,164.0,Engaged In Fishing,7,S-AIS,2023-02-01 02:57:21,2023-02-01 01:01:36,Fishing Vessel,Seal Catcher,5132012012286658360,s3a://ungp-ais-data-historical-backup/exact-earth-data/prod/year=2023/month=02/day=01/20230201030013.csv.gz,8001fffffffffff,576495936675512319,580968749977305087,585470700337233919,589975262037278719,594477787922825215,598981382181486591,603484981271986175,607988580882579455,612492180503658495,616995780121853951,621499379749126143,626002979376488447,630506579003856383,635010178631226559,639513778258597039,644017377885967528
258099000,3,2023-02-01 04:39:04,35.30505333,76.33471833,5169617,KVITUNGEN,LGPZ,Fishing,30,,A,40.0,6.0,Norway,258,STORBANKEN,1241850,5.5,2.6,24.1,0.0,66.0,Engaged In Fishing,7,S-AIS,2023-02-01 04:37:59,2023-02-01 01:01:36,Fishing Vessel,Seal Catcher,5132012012286658360,s3a://ungp-ais-data-historical-backup/exact-earth-data/prod/year=2023/month=02/day=01/20230201044013.csv.gz,8001fffffffffff,576495936675512319,580968749977305087,585470700337233919,589975262037278719,594477787922825215,598981382181486591,603484981137768447,607988580882579455,612492180507852799,616995780133388287,621499379761676287,626002979389030399,630506579016397823,635010178643768255,639513778271138719,644017377898509210
258099000,3,2023-02-01 05:15:04,35.32062667,76.34121667,5169617,KVITUNGEN,LGPZ,Fishing,30,,A,40.0,6.0,Norway,258,STORBANKEN,1241850,5.5,2.0,352.5,0.0,17.0,Engaged In Fishing,7,S-AIS,2023-02-01 05:14:01,2023-02-01 05:01:42,Fishing Vessel,Seal Catcher,5132012012286658360,s3a://ungp-ais-data-historical-backup/exact-earth-data/prod/year=2023/month=02/day=01/20230201051613.csv.gz,8001fffffffffff,576495936675512319,580968749977305087,585470700337233919,589975262037278719,594477787922825215,598981382181486591,603484981271986175,607988580882579455,612492180499464191,616995780126310399,621499379753517055,626002979380867071,630506579008226815,635010178635596991,639513778262967447,644017377890337940
258099000,3,2023-02-01 05:24:03,35.31508,76.34469,5169617,KVITUNGEN,LGPZ,Fishing,30,,A,40.0,6.0,Norway,258,STORBANKEN,1241850,5.5,1.6,16.5,0.0,35.0,Engaged In Fishing,7,S-AIS,2023-02-01 05:22:59,2023-02-01 05:01:42,Fishing Vessel,Seal Catcher,5132012012286658360,s3a://ungp-ais-data-historical-backup/exact-earth-data/prod/year=2023/month=02/day=01/20230201052413.csv.gz,8001fffffffffff,576495936675512319,580968749977305087,585470700337233919,589975262037278719,594477787922825215,598981382181486591,603484981271986175,607988580882579455,612492180499464191,616995780125261823,621499379752566783,626002979379908607,630506579007277055,635010178634647231,639513778262017679,644017377889388171
258099000,3,2023-02-01 02:34:36,35.287215,76.37268167,5169617,KVITUNGEN,LGPZ,Fishing,30,,A,40.0,6.0,Norway,258,STORBANKEN,1241850,5.5,4.2,184.6,0.0,179.0,Engaged In Fishing,7,S-AIS,2023-02-01 02:33:23,2023-02-01 01:01:36,Fishing Vessel,Seal Catcher,5132012012286658360,s3a://ungp-ais-data-historical-backup/exact-earth-data/prod/year=2023/month=02/day=01/20230201023613.csv.gz,8001fffffffffff,576495936675512319,580968749977305087,585470700337233919,589975262037278719,594477787922825215,598981382181486591,603484981271986175,607988580832247807,612492180457521151,616995780083580927,621499379710885887,626002979338227711,630506578965597695,635010178592967999,639513778220338463,644017377847708958
258099000,3,2023-02-01 03:34:29,35.273145,76.32996,5169617,KVITUNGEN,LGPZ,Fishing,30,,A,40.0,6.0,Norway,258,STORBANKEN,1241850,5.5,0.9,188.0,0.0,95.0,Engaged In Fishing,7,S-AIS,2023-02-01 03:33:59,2023-02-01 01:01:36,Fishing Vessel,Seal Catcher,5132012012286658360,s3a://ungp-ais-data-historical-backup/exact-earth-data/prod/year=2023/month=02/day=01/20230201033612.csv.gz,8001fffffffffff,576495936675512319,580968749977305087,585470700337233919,589975262037278719,594477787922825215,598981382181486591,603484981137768447,607988580664475647,612492180283457535,616995779910303743,621499379537444863,626002979164794879,630506578792179711,635010178419535167,639513778046905639,644017377674276133
258099000,3,2023-02-01 06:00:35,35.29867667,76.35860333,5169617,KVITUNGEN,LGPZ,Fishing,30,,A,40.0,6.0,Norway,258,STORBANKEN,1241850,5.5,1.8,327.8,0.0,16.0,Engaged In Fishing,7,S-AIS,2023-02-01 05:59:30,2023-02-01 05:55:35,Fishing Vessel,Seal Catcher,5132012012286658360,s3a://ungp-ais-data-historical-backup/exact-earth-data/prod/year=2023/month=02/day=01/20230201060213.csv.gz,8001fffffffffff,576495936675512319,580968749977305087,585470700337233919,589975262037278719,594477787922825215,598981382181486591,603484981271986175,607988580815470591,612492180436549631,616995780062347263,621499379689684991,626002979317035007,630506578944403455,635010178571773823,639513778199144271,644017377826514764
258099000,3,2023-02-01 05:57:04,35.300595,76.35753167,5169617,KVITUNGEN,LGPZ,Fishing,30,,A,40.0,6.0,Norway,258,STORBANKEN,1241850,5.5,1.9,353.3,0.0,16.0,Engaged In Fishing,7,S-AIS,2023-02-01 05:56:41,2023-02-01 05:55:35,Fishing Vessel,Seal Catcher,5132012012286658360,s3a://ungp-ais-data-historical-backup/exact-earth-data/prod/year=2023/month=02/day=01/20230201055813.csv.gz,8001fffffffffff,576495936675512319,580968749977305087,585470700337233919,589975262037278719,594477787922825215,598981382181486591,603484981271986175,607988580815470591,612492180436549631,616995780062085119,621499379689390079,626002979316740095,630506578944108543,635010178571478655,639513778198849143,644017377826219632
258099000,3,2023-02-01 05:38:46,35.308075,76.35035833,5169617,KVITUNGEN,LGPZ,Fishing,30,,A,40.0,6.0,Norway,258,STORBANKEN,1241850,5.5,2.0,298.5,0.0,7.0,Engaged In Fishing,7,S-AIS,2023-02-01 05:37:24,2023-02-01 05:01:42,Fishing Vessel,Seal Catcher,5132012012286658360,s3a://ungp-ais-data-historical-backup/exact-earth-data/prod/year=2023/month=02/day=01/20230201054012.csv.gz,8001fffffffffff,576495936675512319,580968749977305087,585470700337233919,589975262037278719,594477787922825215,598981382181486591,603484981271986175,607988580882579455,612492180501561343,616995780127358975,621499379754696703,626002979382054911,630506579009421823,635010178636792127,639513778264162567,644017377891533061
258099000,3,2023-02-01 03:21:10,35.32117667,76.33301667,5169617,KVITUNGEN,LGPZ,Fishing,30,,A,40.0,6.0,Norway,258,STORBANKEN,1241850,5.5,3.5,52.4,0.0,40.0,Engaged In Fishing,7,S-AIS,2023-02-01 03:19:51,2023-02-01 01:01:36,Fishing Vessel,Seal Catcher,5132012012286658360,s3a://ungp-ais-data-historical-backup/exact-earth-data/prod/year=2023/month=02/day=01/20230201032213.csv.gz,8001fffffffffff,576495936675512319,580968749977305087,585470700337233919,589975262037278719,594477787922825215,598981382181486591,603484981137768447,607988580698030079,612492180312817663,616995779939663871,621499379566936063,626002979194298367,630506578821667839,635010178449038143,639513778076408631,644017377703779126
258099000,3,2023-02-01 02:40:23,35.27954667,76.36499833,5169617,KVITUNGEN,LGPZ,Fishing,30,,A,40.0,6.0,Norway,258,STORBANKEN,1241850,5.5,5.3,185.6,0.0,168.0,Engaged In Fishing,7,S-AIS,2023-02-01 02:39:46,2023-02-01 01:01:36,Fishing Vessel,Seal Catcher,5132012012286658360,s3a://ungp-ais-data-historical-backup/exact-earth-data/prod/year=2023/month=02/day=01/20230201024212.csv.gz,8001fffffffffff,576495936675512319,580968749977305087,585470700337233919,589975262037278719,594477787922825215,598981382181486591,603484981271986175,607988580815470591,612492180438646783,616995780065492991,621499379692732415,626002979319988223,630506578947356671,635010178574726911,639513778202097351,644017377829467846
258099000,3,2023-02-01 04:53:53,35.32789833,76.33432333,5169617,KVITUNGEN,LGPZ,Fishing,30,,A,40.0,6.0,Norway,258,STORBANKEN,1241850,5.5,1.9,330.3,0.0,39.0,Engaged In Fishing,7,S-AIS,2023-02-01 04:53:27,2023-02-01 01:01:36,Fishing Vessel,Seal Catcher,5132012012286658360,s3a://ungp-ais-data-historical-backup/exact-earth-data/prod/year=2023/month=02/day=01/20230201045413.csv.gz,8001fffffffffff,576495936675512319,580968749977305087,585470700337233919,589975262037278719,594477787922825215,598981382181486591,603484981137768447,607988580698030079,612492180312817663,616995779939663871,621499379566804991,626002979194159103,630506578821527039,635010178448897151,639513778076267631,644017377703638121
258099000,3,2023-02-01 02:22:15,35.29363833,76.38429167,5169617,KVITUNGEN,LGPZ,Fishing,30,,A,40.0,6.0,Norway,258,STORBANKEN,1241850,5.5,4.2,195.9,0.0,191.0,Engaged In Fishing,7,S-AIS,2023-02-01 02:21:59,2023-02-01 01:01:36,Fishing Vessel,Seal Catcher,5132012012286658360,s3a://ungp-ais-data-historical-backup/exact-earth-data/prod/year=2023/month=02/day=01/20230201022413.csv.gz,8001fffffffffff,576495936675512319,580968749977305087,585470700337233919,589975262037278719,594477787922825215,598982440890925055,603484981271986175,607988580832247807,612492180451229695,616995780078338047,621499379705511935,626002979332874239,630506578960241151,635010178587611327,639513778214981775,644017377842352268
